<?xml version="1.0" encoding="UTF-8"?>

<!DOCTYPE hibernate-mapping PUBLIC 
    "-//Hibernate/Hibernate Mapping DTD 3.0//EN"
    "http://www.hibernate.org/dtd/hibernate-mapping-3.0.dtd">

<hibernate-mapping>
   <class name = "Employee" table = "EMPLOYEE1">
      
      <meta attribute = "class-description">
         This class contains the employee detail. 
      </meta>
      
      <id name = "eid" type = "int" column = "id">
         <generator class="native"/>
      </id>
      
      <property name = "name" column = "name" type = "string"/>
      
      <one-to-one name = "address" class="Address" cascade="all" />
      
         
   </class>

   <class name = "Address" table="ADDRESS">
      
      <meta attribute = "class-description">
         This class contains the address detail. 
      </meta>
      
      <id name = "id" type = "int" column = "eid">
         <generator class="native"/>
      </id>
      
      <property name = "area" column = "area" type = "string"/>
      <property name = "city" column = "city" type = "string"/>
      <property name = "state" column = "state" type = "string"/>
      <property name = "pincode" column = "pincode" type = "integer"/>
      
   </class>

</hibernate-mapping>
